n,tv_distance,width_gap,lower_bound,amri_regret,efficiency_ratio
100,0.6845000000000002,0.3491088822622149,0.027535963088432182,0.0360633431751742,0.7635443823019653
500,0.9825000000000008,0.39643648017543764,0.0017344096007674587,0.008122627253117604,0.21352815372658673
2000,0.9999999999999997,0.4086803545800881,3.4029475452509015e-17,0.0028147112746308833,1.2089863624457037e-14
