n,max_deficit,worst_delta,theoretical_bound,mc_se,deficit_normalized
100,0.013999999999999901,1.2857142857142856,0.1,0.009746794344808964,0.13999999999999901
500,0.015999999999999903,0.14285714285714285,0.044721359549995794,0.009746794344808964,0.3577708763999642
2000,0.010000000000000009,1.0,0.022360679774997897,0.009746794344808964,0.44721359549995837
