n,overhead_d0,overhead_d0_times_n,overhead_d1,overhead_d1_times_sqrt_n
100,0.008242634414836882,0.8242634414836882,-0.005475667592963236,-0.05475667592963236
500,0.0026125639974981228,1.3062819987490615,0.0,0.0
2000,0.0003909730952696416,0.7819461905392832,0.0,0.0
5000,0.0004814796048761993,2.4073980243809965,0.0,0.0
