n,mean_width_ratio,median_width_ratio,max_width_ratio,overhead_pct,p_w_positive,mean_weight,valid_reps
100,1.0109761902323178,1.0,1.5128560409333498,1.0976190232317773,0.3165,0.14853636519242494,2000
500,1.0012024015357541,1.0,1.1904989207924794,0.12024015357541273,0.3105,0.14756887906613242,2000
2000,1.0008054273434008,1.0,1.0863965768749897,0.0805427343400833,0.332,0.157742762390932,2000
