n,method,max_jump,mean_jump,lipschitz_est
100,AMRI_v2,0.018000000000000016,0.006789473684210509,0.2280000000000002
100,AMRI_v1,0.019999999999999907,0.006842105263157878,0.2533333333333322
500,AMRI_v2,0.026000000000000023,0.00921052631578947,0.32933333333333364
500,AMRI_v1,0.025000000000000022,0.009105263157894733,0.316666666666667
2000,AMRI_v2,0.02100000000000002,0.007631578947368428,0.26600000000000024
2000,AMRI_v1,0.02200000000000002,0.00821052631578948,0.27866666666666695
